-- phpMyAdmin SQL Dump
-- version 4.6.5.2
-- https://www.phpmyadmin.net/
--
-- Хост: 127.0.0.1:3306
-- Время создания: Май 17 2017 г., 17:31
-- Версия сервера: 5.5.53
-- Версия PHP: 5.6.29

SET SQL_MODE = "NO_AUTO_VALUE_ON_ZERO";
SET time_zone = "+00:00";


/*!40101 SET @OLD_CHARACTER_SET_CLIENT=@@CHARACTER_SET_CLIENT */;
/*!40101 SET @OLD_CHARACTER_SET_RESULTS=@@CHARACTER_SET_RESULTS */;
/*!40101 SET @OLD_COLLATION_CONNECTION=@@COLLATION_CONNECTION */;
/*!40101 SET NAMES utf8mb4 */;

--
-- База данных: `testworktrafgid`
--

-- --------------------------------------------------------

--
-- Структура таблицы `offers`
--

CREATE TABLE `offers` (
  `id` int(11) NOT NULL,
  `name` varchar(300) COLLATE utf8_bin NOT NULL
) ENGINE=InnoDB DEFAULT CHARSET=utf8 COLLATE=utf8_bin;

--
-- Дамп данных таблицы `offers`
--

INSERT INTO `offers` (`id`, `name`) VALUES
(1, 'шампунь'),
(2, 'порошок'),
(3, 'мыло'),
(4, 'зубная паста'),
(5, 'гель для душа'),
(6, 'зубная щетка');

-- --------------------------------------------------------

--
-- Структура таблицы `operators`
--

CREATE TABLE `operators` (
  `id` int(11) NOT NULL,
  `name` varchar(300) COLLATE utf8_bin NOT NULL,
  `fio` varchar(300) COLLATE utf8_bin NOT NULL
) ENGINE=InnoDB DEFAULT CHARSET=utf8 COLLATE=utf8_bin;

--
-- Дамп данных таблицы `operators`
--

INSERT INTO `operators` (`id`, `name`, `fio`) VALUES
(10, 'оператор1', 'Миронов Сергей Игоревич'),
(12, 'оператор2', 'Шевченко Андрей Иванович'),
(17, 'оператор3', 'Иванюк Андрей Петрович');

-- --------------------------------------------------------

--
-- Структура таблицы `requests`
--

CREATE TABLE `requests` (
  `id` int(11) NOT NULL,
  `offer_id` int(11) NOT NULL,
  `price` double NOT NULL,
  `count` int(11) NOT NULL,
  `operator_id` int(11) NOT NULL
) ENGINE=InnoDB DEFAULT CHARSET=utf8 COLLATE=utf8_bin;

--
-- Дамп данных таблицы `requests`
--

INSERT INTO `requests` (`id`, `offer_id`, `price`, `count`, `operator_id`) VALUES
(1, 1, 50, 1, 10),
(2, 2, 200, 4, 12),
(3, 3, 400, 6, 12),
(4, 5, 600, 3, 17),
(5, 5, 600, 3, 17),
(6, 3, 400, 6, 12),
(7, 4, 1000, 10, 10),
(8, 3, 400, 6, 12),
(9, 1, 50, 1, 17);

--
-- Индексы сохранённых таблиц
--

--
-- Индексы таблицы `offers`
--
ALTER TABLE `offers`
  ADD PRIMARY KEY (`id`);

--
-- Индексы таблицы `operators`
--
ALTER TABLE `operators`
  ADD PRIMARY KEY (`id`);

--
-- Индексы таблицы `requests`
--
ALTER TABLE `requests`
  ADD PRIMARY KEY (`id`),
  ADD KEY `offer_id` (`offer_id`),
  ADD KEY `operator_id` (`operator_id`);

--
-- AUTO_INCREMENT для сохранённых таблиц
--

--
-- AUTO_INCREMENT для таблицы `offers`
--
ALTER TABLE `offers`
  MODIFY `id` int(11) NOT NULL AUTO_INCREMENT, AUTO_INCREMENT=7;
--
-- AUTO_INCREMENT для таблицы `operators`
--
ALTER TABLE `operators`
  MODIFY `id` int(11) NOT NULL AUTO_INCREMENT, AUTO_INCREMENT=18;
--
-- AUTO_INCREMENT для таблицы `requests`
--
ALTER TABLE `requests`
  MODIFY `id` int(11) NOT NULL AUTO_INCREMENT, AUTO_INCREMENT=4;
--
-- Ограничения внешнего ключа сохраненных таблиц
--

--
-- Ограничения внешнего ключа таблицы `requests`
--
ALTER TABLE `requests`
  ADD CONSTRAINT `requests_ibfk_2` FOREIGN KEY (`operator_id`) REFERENCES `operators` (`id`) ON DELETE CASCADE ON UPDATE CASCADE,
  ADD CONSTRAINT `requests_ibfk_1` FOREIGN KEY (`offer_id`) REFERENCES `offers` (`id`) ON DELETE CASCADE ON UPDATE CASCADE;

/*!40101 SET CHARACTER_SET_CLIENT=@OLD_CHARACTER_SET_CLIENT */;
/*!40101 SET CHARACTER_SET_RESULTS=@OLD_CHARACTER_SET_RESULTS */;
/*!40101 SET COLLATION_CONNECTION=@OLD_COLLATION_CONNECTION */;
